CookerStat, GenerateAssetRegistry=0.079200, Initialize=0.297390, RunGuid=RunIDBD6CF7DD47055EF0B097AEBB42C9E518
SavePackageTransactionId78A9287C45A33022B24E5EB80C8FA636_0, Filename=../../../../../../Users/jychong/Documents/Work/Projects/UE4_Projects/DinoProject/Content/StarterContent/Maps/Minimal_Default.umap, AutoPackageBackupDelegate=4.572496, FlushAsyncLoading=0.008687, FlushStreamingFunc=0.057995, BlockTillAllRequestsFinished=0.005875, ResetLoadersForSaveUnMarkAllObjects=51.495419, TagPackageExports=3.081966, BeginCacheForCookedPlatformData=0.001788, SerializeImports=3.834896, GatherLocalizableTextData=7.985066, MarkNames=0.067193, SerializeSummary=0.015840, SerializeNames=0.369947, SerializeGatherableTextData=0.030406, BuildExportMap=0.304285, SortExportsNonSeekfree=0.685222, SortExportsSeekfreeConstructor=0.047013, SortExportsSeekfreeInner=10.707814, SortExportsSeekfree=0.003319, BuildDependencyMap=0.094533, SerializeImportMap=0.046242, SerializeExportMap=0.033472, SerializeDependencyMap=0.006642, SerializeStringAssetReferenceMap=0.001278, SaveThumbNailsAssetRegistryDataWorldLevelInfo=1.092985, SerializeExports=5.568136, SerializeBulkData=19.708195, MoveFile=3.236540, UnaccountedTime=2.281521, RunGuid=RunIDBD6CF7DD47055EF0B097AEBB42C9E518
SavePackageTransactionId78A9287C45A33022B24E5EB80C8FA636_1, Filename=../../../../../../Users/jychong/Documents/Work/Projects/UE4_Projects/DinoProject/Content/StarterContent/Maps/Minimal_Default.umap, AutoPackageBackupDelegate=1.641262, FlushAsyncLoading=0.002556, FlushStreamingFunc=0.178330, BlockTillAllRequestsFinished=0.003833, ResetLoadersForSaveUnMarkAllObjects=43.161865, TagPackageExports=3.240116, BeginCacheForCookedPlatformData=0.003319, SerializeImports=4.226308, GatherLocalizableTextData=8.168250, MarkNames=0.057738, SerializeSummary=0.010733, SerializeNames=0.356663, SerializeGatherableTextData=0.029635, BuildExportMap=0.299435, SortExportsNonSeekfree=0.687268, SortExportsSeekfreeConstructor=0.037812, SortExportsSeekfreeInner=10.857533, SortExportsSeekfree=0.003576, BuildDependencyMap=0.096317, SerializeImportMap=0.048034, SerializeExportMap=0.038065, SerializeDependencyMap=0.006642, SerializeStringAssetReferenceMap=0.001278, SaveThumbNailsAssetRegistryDataWorldLevelInfo=1.076635, SerializeExports=5.373705, SerializeBulkData=20.879616, MoveFile=3.752630, UnaccountedTime=1.053639, RunGuid=RunIDBD6CF7DD47055EF0B097AEBB42C9E518
SavePackageTransactionId78A9287C45A33022B24E5EB80C8FA636_2, Filename=../../../../../../Users/jychong/Documents/Work/Projects/UE4_Projects/DinoProject/Content/Actor_Blueprint.uasset, AutoPackageBackupDelegate=5.047191, FlushAsyncLoading=0.010222, FlushStreamingFunc=0.135664, BlockTillAllRequestsFinished=0.004597, ResetLoadersForSaveUnMarkAllObjects=0.212822, TagPackageExports=2.071507, BeginCacheForCookedPlatformData=0.002045, SerializeImports=3.093976, GatherLocalizableTextData=2.088625, MarkNames=0.028361, SerializeSummary=0.010218, SerializeNames=0.092998, SerializeGatherableTextData=0.095554, BuildExportMap=0.081245, SortExportsNonSeekfree=0.198003, SortExportsSeekfreeConstructor=0.044201, SortExportsSeekfreeInner=4.349962, SortExportsSeekfree=0.002813, BuildDependencyMap=0.024270, SerializeImportMap=0.006896, SerializeExportMap=0.014562, SerializeDependencyMap=0.002809, SerializeStringAssetReferenceMap=0.001278, SaveThumbNailsAssetRegistryDataWorldLevelInfo=0.328559, SerializeExports=2.729136, SerializeBulkData=0.003580, MoveFile=3.754675, UnaccountedTime=1.110099, RunGuid=RunIDBD6CF7DD47055EF0B097AEBB42C9E518
SavePackageTransactionId78A9287C45A33022B24E5EB80C8FA636_3, Filename=../../../../../../Users/jychong/Documents/Work/Projects/UE4_Projects/DinoProject/Content/StarterContent/Maps/Minimal_Default.umap, AutoPackageBackupDelegate=1.662213, FlushAsyncLoading=0.002556, FlushStreamingFunc=0.134390, BlockTillAllRequestsFinished=0.003830, ResetLoadersForSaveUnMarkAllObjects=45.407104, TagPackageExports=3.260553, BeginCacheForCookedPlatformData=0.002302, SerializeImports=4.971311, GatherLocalizableTextData=12.191955, MarkNames=0.074856, SerializeSummary=0.015076, SerializeNames=0.415426, SerializeGatherableTextData=0.034746, BuildExportMap=0.321150, SortExportsNonSeekfree=0.692632, SortExportsSeekfreeConstructor=0.046499, SortExportsSeekfreeInner=11.395339, SortExportsSeekfree=0.003830, BuildDependencyMap=0.104241, SerializeImportMap=0.047520, SerializeExportMap=0.033725, SerializeDependencyMap=0.006385, SerializeStringAssetReferenceMap=0.001535, SaveThumbNailsAssetRegistryDataWorldLevelInfo=1.067176, SerializeExports=5.833335, SerializeBulkData=20.858664, MoveFile=3.203582, UnaccountedTime=2.734248, RunGuid=RunIDBD6CF7DD47055EF0B097AEBB42C9E518
SavePackageTransactionId78A9287C45A33022B24E5EB80C8FA636_4, Filename=../../../../../../Users/jychong/Documents/Work/Projects/UE4_Projects/DinoProject/Content/Actor_Blueprint.uasset, AutoPackageBackupDelegate=1.469828, FlushAsyncLoading=0.004344, FlushStreamingFunc=0.107817, BlockTillAllRequestsFinished=0.004597, ResetLoadersForSaveUnMarkAllObjects=0.078183, TagPackageExports=2.333384, BeginCacheForCookedPlatformData=0.003066, SerializeImports=3.636636, GatherLocalizableTextData=3.292747, MarkNames=0.039604, SerializeSummary=0.013027, SerializeNames=0.137456, SerializeGatherableTextData=0.095297, BuildExportMap=0.125188, SortExportsNonSeekfree=0.286404, SortExportsSeekfreeConstructor=0.009708, SortExportsSeekfreeInner=5.108513, SortExportsSeekfree=0.005364, BuildDependencyMap=0.035003, SerializeImportMap=0.009708, SerializeExportMap=0.014815, SerializeDependencyMap=0.003323, SerializeStringAssetReferenceMap=0.001021, SaveThumbNailsAssetRegistryDataWorldLevelInfo=0.344910, SerializeExports=3.344867, SerializeBulkData=0.006646, MoveFile=3.852271, UnaccountedTime=1.050316, RunGuid=RunIDBD6CF7DD47055EF0B097AEBB42C9E518
SavePackageTransactionId78A9287C45A33022B24E5EB80C8FA636_5, Filename=../../../../../../Users/jychong/Documents/Work/Projects/UE4_Projects/DinoProject/Content/StarterContent/Maps/Minimal_Default.umap, AutoPackageBackupDelegate=1.460891, FlushAsyncLoading=0.002299, FlushStreamingFunc=0.221763, BlockTillAllRequestsFinished=0.003833, ResetLoadersForSaveUnMarkAllObjects=43.024666, TagPackageExports=3.048498, BeginCacheForCookedPlatformData=0.001531, SerializeImports=3.835920, GatherLocalizableTextData=8.008570, MarkNames=0.062592, SerializeSummary=0.012521, SerializeNames=0.357430, SerializeGatherableTextData=0.030912, BuildExportMap=0.303779, SortExportsNonSeekfree=0.683688, SortExportsSeekfreeConstructor=0.043690, SortExportsSeekfreeInner=11.001118, SortExportsSeekfree=0.003576, BuildDependencyMap=0.105005, SerializeImportMap=0.046499, SerializeExportMap=0.033215, SerializeDependencyMap=0.006642, SerializeStringAssetReferenceMap=0.001024, SaveThumbNailsAssetRegistryDataWorldLevelInfo=1.070499, SerializeExports=5.521636, SerializeBulkData=20.383709, MoveFile=3.213290, UnaccountedTime=1.151491, RunGuid=RunIDBD6CF7DD47055EF0B097AEBB42C9E518
SavePackageTransactionId78A9287C45A33022B24E5EB80C8FA636_6, Filename=../../../../../../Users/jychong/Documents/Work/Projects/UE4_Projects/DinoProject/Content/Actor_Blueprint.uasset, AutoPackageBackupDelegate=1.501255, FlushAsyncLoading=0.003323, FlushStreamingFunc=0.129785, BlockTillAllRequestsFinished=0.003833, ResetLoadersForSaveUnMarkAllObjects=0.073582, TagPackageExports=2.030887, BeginCacheForCookedPlatformData=0.001278, SerializeImports=2.423827, GatherLocalizableTextData=1.909018, MarkNames=0.019927, SerializeSummary=0.008177, SerializeNames=0.088912, SerializeGatherableTextData=0.083033, BuildExportMap=0.078179, SortExportsNonSeekfree=0.183187, SortExportsSeekfreeConstructor=0.006132, SortExportsSeekfreeInner=4.253387, SortExportsSeekfree=0.003319, BuildDependencyMap=0.026315, SerializeImportMap=0.007667, SerializeExportMap=0.014052, SerializeDependencyMap=0.003062, SerializeStringAssetReferenceMap=0.001278, SaveThumbNailsAssetRegistryDataWorldLevelInfo=0.313230, SerializeExports=2.688005, SerializeBulkData=0.003576, MoveFile=3.695142, UnaccountedTime=0.984143, RunGuid=RunIDBD6CF7DD47055EF0B097AEBB42C9E518
SavePackageTransactionId78A9287C45A33022B24E5EB80C8FA636_7, Filename=../../../../../../Users/jychong/Documents/Work/Projects/UE4_Projects/DinoProject/Content/StarterContent/Maps/Minimal_Default.umap, AutoPackageBackupDelegate=1.471106, FlushAsyncLoading=0.002556, FlushStreamingFunc=0.095043, BlockTillAllRequestsFinished=0.002556, ResetLoadersForSaveUnMarkAllObjects=43.499367, TagPackageExports=3.201537, BeginCacheForCookedPlatformData=0.001788, SerializeImports=3.817778, GatherLocalizableTextData=8.103355, MarkNames=0.059020, SerializeSummary=0.011750, SerializeNames=0.354365, SerializeGatherableTextData=0.030916, BuildExportMap=0.299688, SortExportsNonSeekfree=0.704128, SortExportsSeekfreeConstructor=0.040878, SortExportsSeekfreeInner=11.063967, SortExportsSeekfree=0.003833, BuildDependencyMap=0.101175, SerializeImportMap=0.043947, SerializeExportMap=0.033468, SerializeDependencyMap=0.006132, SerializeStringAssetReferenceMap=0.001021, SaveThumbNailsAssetRegistryDataWorldLevelInfo=1.073059, SerializeExports=5.569413, SerializeBulkData=20.555906, MoveFile=9.364452, UnaccountedTime=1.079954, RunGuid=RunIDBD6CF7DD47055EF0B097AEBB42C9E518
SavePackageTransactionId78A9287C45A33022B24E5EB80C8FA636_8, Filename=../../../../../../Users/jychong/Documents/Work/Projects/UE4_Projects/DinoProject/Content/Actor_Blueprint.uasset, AutoPackageBackupDelegate=1.424864, FlushAsyncLoading=0.002809, FlushStreamingFunc=0.111904, BlockTillAllRequestsFinished=0.004090, ResetLoadersForSaveUnMarkAllObjects=0.073068, TagPackageExports=2.382439, BeginCacheForCookedPlatformData=0.003319, SerializeImports=2.679829, GatherLocalizableTextData=1.911826, MarkNames=0.022229, SerializeSummary=0.009708, SerializeNames=0.088401, SerializeGatherableTextData=0.089932, BuildExportMap=0.079200, SortExportsNonSeekfree=0.180632, SortExportsSeekfreeConstructor=0.005621, SortExportsSeekfreeInner=4.272804, SortExportsSeekfree=0.003576, BuildDependencyMap=0.026572, SerializeImportMap=0.007153, SerializeExportMap=0.014052, SerializeDependencyMap=0.003066, SerializeStringAssetReferenceMap=0.001024, SaveThumbNailsAssetRegistryDataWorldLevelInfo=0.311442, SerializeExports=2.737056, SerializeBulkData=0.003323, MoveFile=3.745984, UnaccountedTime=1.187004, RunGuid=RunIDBD6CF7DD47055EF0B097AEBB42C9E518
SavePackageTransactionId78A9287C45A33022B24E5EB80C8FA636_9, Filename=../../../../../../Users/jychong/Documents/Work/Projects/UE4_Projects/DinoProject/Content/Actor_Blueprint.uasset, AutoPackageBackupDelegate=1.382709, FlushAsyncLoading=0.002556, FlushStreamingFunc=0.096317, BlockTillAllRequestsFinished=0.004090, ResetLoadersForSaveUnMarkAllObjects=0.070512, TagPackageExports=1.972124, BeginCacheForCookedPlatformData=0.001531, SerializeImports=2.379373, GatherLocalizableTextData=1.922559, MarkNames=0.020184, SerializeSummary=0.008173, SerializeNames=0.087123, SerializeGatherableTextData=0.071794, BuildExportMap=0.077669, SortExportsNonSeekfree=0.238117, SortExportsSeekfreeConstructor=0.041898, SortExportsSeekfreeInner=4.727066, SortExportsSeekfree=0.004087, BuildDependencyMap=0.027593, SerializeImportMap=0.007410, SerializeExportMap=0.014309, SerializeDependencyMap=0.003066, SerializeStringAssetReferenceMap=0.001021, SaveThumbNailsAssetRegistryDataWorldLevelInfo=0.320129, SerializeExports=2.784066, SerializeBulkData=0.003576, MoveFile=3.827739, UnaccountedTime=1.041375, RunGuid=RunIDBD6CF7DD47055EF0B097AEBB42C9E518
SavePackageTransactionId78A9287C45A33022B24E5EB80C8FA636_10, Filename=../../../../../../Users/jychong/Documents/Work/Projects/UE4_Projects/DinoProject/Content/StarterContent/Maps/Minimal_Default.umap, AutoPackageBackupDelegate=1.443002, FlushAsyncLoading=0.002809, FlushStreamingFunc=0.091210, BlockTillAllRequestsFinished=0.003066, ResetLoadersForSaveUnMarkAllObjects=44.052505, TagPackageExports=3.200516, BeginCacheForCookedPlatformData=0.002045, SerializeImports=3.908474, GatherLocalizableTextData=8.209895, MarkNames=0.073329, SerializeSummary=0.013027, SerializeNames=0.372503, SerializeGatherableTextData=0.034239, BuildExportMap=0.303008, SortExportsNonSeekfree=0.690591, SortExportsSeekfreeConstructor=0.043944, SortExportsSeekfreeInner=10.980677, SortExportsSeekfree=0.004854, BuildDependencyMap=0.104494, SerializeImportMap=0.044968, SerializeExportMap=0.033215, SerializeDependencyMap=0.006642, SerializeStringAssetReferenceMap=0.001278, SaveThumbNailsAssetRegistryDataWorldLevelInfo=1.070753, SerializeExports=5.529813, SerializeBulkData=19.617752, MoveFile=3.265407, UnaccountedTime=1.176018, RunGuid=RunIDBD6CF7DD47055EF0B097AEBB42C9E518
SavePackageTransactionId78A9287C45A33022B24E5EB80C8FA636_11, Filename=../../../../../../Users/jychong/Documents/Work/Projects/UE4_Projects/DinoProject/Content/Actor_Blueprint.uasset, AutoPackageBackupDelegate=1.378112, FlushAsyncLoading=0.003066, FlushStreamingFunc=0.096064, BlockTillAllRequestsFinished=0.003833, ResetLoadersForSaveUnMarkAllObjects=0.070512, TagPackageExports=2.303239, BeginCacheForCookedPlatformData=0.001531, SerializeImports=3.007878, GatherLocalizableTextData=2.183922, MarkNames=0.021461, SerializeSummary=0.008687, SerializeNames=0.087891, SerializeGatherableTextData=0.074089, BuildExportMap=0.082269, SortExportsNonSeekfree=0.217423, SortExportsSeekfreeConstructor=0.005875, SortExportsSeekfreeInner=4.580159, SortExportsSeekfree=0.002809, BuildDependencyMap=0.026826, SerializeImportMap=0.007410, SerializeExportMap=0.015840, SerializeDependencyMap=0.003066, SerializeStringAssetReferenceMap=0.001278, SaveThumbNailsAssetRegistryDataWorldLevelInfo=0.366114, SerializeExports=3.054377, SerializeBulkData=0.002809, MoveFile=3.770512, UnaccountedTime=0.947867, RunGuid=RunIDBD6CF7DD47055EF0B097AEBB42C9E518
SavePackageTransactionId78A9287C45A33022B24E5EB80C8FA636_12, Filename=../../../../../../Users/jychong/Documents/Work/Projects/UE4_Projects/DinoProject/Content/StarterContent/Maps/Minimal_Default.umap, AutoPackageBackupDelegate=1.432274, FlushAsyncLoading=0.002299, FlushStreamingFunc=0.210524, BlockTillAllRequestsFinished=0.004087, ResetLoadersForSaveUnMarkAllObjects=43.180771, TagPackageExports=3.157593, BeginCacheForCookedPlatformData=0.001788, SerializeImports=3.930703, GatherLocalizableTextData=8.008316, MarkNames=0.057228, SerializeSummary=0.010986, SerializeNames=0.378381, SerializeGatherableTextData=0.031680, BuildExportMap=0.298411, SortExportsNonSeekfree=0.691101, SortExportsSeekfreeConstructor=0.038069, SortExportsSeekfreeInner=11.341937, SortExportsSeekfree=0.005879, BuildDependencyMap=0.121102, SerializeImportMap=0.043944, SerializeExportMap=0.033725, SerializeDependencyMap=0.006899, SerializeStringAssetReferenceMap=0.001278, SaveThumbNailsAssetRegistryDataWorldLevelInfo=1.262117, SerializeExports=5.998891, SerializeBulkData=19.622604, MoveFile=3.265921, UnaccountedTime=1.209997, RunGuid=RunIDBD6CF7DD47055EF0B097AEBB42C9E518
SavePackageTransactionId78A9287C45A33022B24E5EB80C8FA636_13, Filename=../../../../../../Users/jychong/Documents/Work/Projects/UE4_Projects/DinoProject/Content/Actor_Blueprint.uasset, AutoPackageBackupDelegate=1.469064, FlushAsyncLoading=0.003066, FlushStreamingFunc=0.074603, BlockTillAllRequestsFinished=0.002813, ResetLoadersForSaveUnMarkAllObjects=0.063360, TagPackageExports=2.387293, BeginCacheForCookedPlatformData=0.001788, SerializeImports=2.785090, GatherLocalizableTextData=2.333637, MarkNames=0.027850, SerializeSummary=0.009961, SerializeNames=0.091210, SerializeGatherableTextData=0.086866, BuildExportMap=0.083547, SortExportsNonSeekfree=0.237092, SortExportsSeekfreeConstructor=0.006389, SortExportsSeekfreeInner=4.664723, SortExportsSeekfree=0.003323, BuildDependencyMap=0.032447, SerializeImportMap=0.007156, SerializeExportMap=0.016093, SerializeDependencyMap=0.003319, SerializeStringAssetReferenceMap=0.001021, SaveThumbNailsAssetRegistryDataWorldLevelInfo=0.380427, SerializeExports=3.247525, SerializeBulkData=0.003319, MoveFile=3.610320, UnaccountedTime=0.988744, RunGuid=RunIDBD6CF7DD47055EF0B097AEBB42C9E518
SavePackageTransactionId78A9287C45A33022B24E5EB80C8FA636_14, Filename=../../../../../../Users/jychong/Documents/Work/Projects/UE4_Projects/DinoProject/Content/Actor_Blueprint.uasset, AutoPackageBackupDelegate=1.434062, FlushAsyncLoading=0.003066, FlushStreamingFunc=0.046752, BlockTillAllRequestsFinished=0.003833, ResetLoadersForSaveUnMarkAllObjects=0.068471, TagPackageExports=2.376303, BeginCacheForCookedPlatformData=0.001535, SerializeImports=2.846919, GatherLocalizableTextData=2.285607, MarkNames=0.023250, SerializeSummary=0.011243, SerializeNames=0.092741, SerializeGatherableTextData=0.085078, BuildExportMap=0.095554, SortExportsNonSeekfree=0.233773, SortExportsSeekfreeConstructor=0.048030, SortExportsSeekfreeInner=5.268447, SortExportsSeekfree=0.006132, BuildDependencyMap=0.035513, SerializeImportMap=0.007663, SerializeExportMap=0.016097, SerializeDependencyMap=0.003323, SerializeStringAssetReferenceMap=0.001021, SaveThumbNailsAssetRegistryDataWorldLevelInfo=0.386812, SerializeExports=3.408994, SerializeBulkData=0.003066, MoveFile=3.598057, UnaccountedTime=0.982869, RunGuid=RunIDBD6CF7DD47055EF0B097AEBB42C9E518
SavePackageTransactionId78A9287C45A33022B24E5EB80C8FA636_15, Filename=../../../../../../Users/jychong/Documents/Work/Projects/UE4_Projects/DinoProject/Content/Actor_Blueprint.uasset, AutoPackageBackupDelegate=1.424611, FlushAsyncLoading=0.002809, FlushStreamingFunc=0.223808, BlockTillAllRequestsFinished=0.003576, ResetLoadersForSaveUnMarkAllObjects=0.068218, TagPackageExports=2.343092, BeginCacheForCookedPlatformData=0.001531, SerializeImports=2.776917, GatherLocalizableTextData=2.323676, MarkNames=0.025548, SerializeSummary=0.009451, SerializeNames=0.091467, SerializeGatherableTextData=0.088912, BuildExportMap=0.084054, SortExportsNonSeekfree=0.245016, SortExportsSeekfreeConstructor=0.043433, SortExportsSeekfreeInner=4.754145, SortExportsSeekfree=0.002556, BuildDependencyMap=0.029381, SerializeImportMap=0.006899, SerializeExportMap=0.015840, SerializeDependencyMap=0.003066, SerializeStringAssetReferenceMap=0.001278, SaveThumbNailsAssetRegistryDataWorldLevelInfo=0.374801, SerializeExports=3.304243, SerializeBulkData=0.003323, MoveFile=3.814198, UnaccountedTime=1.067180, RunGuid=RunIDBD6CF7DD47055EF0B097AEBB42C9E518
SavePackageTransactionId78A9287C45A33022B24E5EB80C8FA636_16, Filename=../../../../../../Users/jychong/Documents/Work/Projects/UE4_Projects/DinoProject/Content/StarterContent/Maps/Minimal_Default.umap, AutoPackageBackupDelegate=6.305736, FlushAsyncLoading=0.011750, FlushStreamingFunc=0.094786, BlockTillAllRequestsFinished=0.005879, ResetLoadersForSaveUnMarkAllObjects=43.462574, TagPackageExports=3.429945, BeginCacheForCookedPlatformData=0.004087, SerializeImports=4.353542, GatherLocalizableTextData=8.488633, MarkNames=0.056464, SerializeSummary=0.011239, SerializeNames=0.384767, SerializeGatherableTextData=0.031173, BuildExportMap=0.307351, SortExportsNonSeekfree=0.717159, SortExportsSeekfreeConstructor=0.039857, SortExportsSeekfreeInner=11.142403, SortExportsSeekfree=0.004087, BuildDependencyMap=0.098109, SerializeImportMap=0.048544, SerializeExportMap=0.033982, SerializeDependencyMap=0.006642, SerializeStringAssetReferenceMap=0.001278, SaveThumbNailsAssetRegistryDataWorldLevelInfo=1.049552, SerializeExports=5.545907, SerializeBulkData=20.246510, MoveFile=3.255699, UnaccountedTime=1.043420, RunGuid=RunIDBD6CF7DD47055EF0B097AEBB42C9E518
SavePackageTransactionId78A9287C45A33022B24E5EB80C8FA636_17, Filename=../../../../../../Users/jychong/Documents/Work/Projects/UE4_Projects/DinoProject/Content/Actor_Blueprint.uasset, AutoPackageBackupDelegate=1.515053, FlushAsyncLoading=0.003066, FlushStreamingFunc=0.100151, BlockTillAllRequestsFinished=0.004344, ResetLoadersForSaveUnMarkAllObjects=0.077415, TagPackageExports=2.416417, BeginCacheForCookedPlatformData=0.002045, SerializeImports=2.926119, GatherLocalizableTextData=2.258781, MarkNames=0.020951, SerializeSummary=0.009455, SerializeNames=0.086609, SerializeGatherableTextData=0.068471, BuildExportMap=0.077669, SortExportsNonSeekfree=0.229940, SortExportsSeekfreeConstructor=0.005368, SortExportsSeekfreeInner=4.448067, SortExportsSeekfree=0.002302, BuildDependencyMap=0.027847, SerializeImportMap=0.008177, SerializeExportMap=0.021204, SerializeDependencyMap=0.005875, SerializeStringAssetReferenceMap=0.001024, SaveThumbNailsAssetRegistryDataWorldLevelInfo=0.375312, SerializeExports=3.277417, SerializeBulkData=0.003576, MoveFile=3.743433, UnaccountedTime=1.032945, RunGuid=RunIDBD6CF7DD47055EF0B097AEBB42C9E518
SavePackageTransactionId78A9287C45A33022B24E5EB80C8FA636_18, Filename=../../../../../../Users/jychong/Documents/Work/Projects/UE4_Projects/DinoProject/Content/Actor_Blueprint.uasset, AutoPackageBackupDelegate=4.411790, FlushAsyncLoading=0.008177, FlushStreamingFunc=0.109859, BlockTillAllRequestsFinished=0.004854, ResetLoadersForSaveUnMarkAllObjects=0.085846, TagPackageExports=3.242157, BeginCacheForCookedPlatformData=0.004090, SerializeImports=4.067902, GatherLocalizableTextData=3.327239, MarkNames=0.023760, SerializeSummary=0.010218, SerializeNames=0.094533, SerializeGatherableTextData=0.095807, BuildExportMap=0.084057, SortExportsNonSeekfree=0.340566, SortExportsSeekfreeConstructor=0.037558, SortExportsSeekfreeInner=5.402833, SortExportsSeekfree=0.002556, BuildDependencyMap=0.034999, SerializeImportMap=0.010476, SerializeExportMap=0.021718, SerializeDependencyMap=0.004090, SerializeStringAssetReferenceMap=0.001278, SaveThumbNailsAssetRegistryDataWorldLevelInfo=0.447869, SerializeExports=4.761048, SerializeBulkData=0.008173, MoveFile=3.710728, UnaccountedTime=0.961151, RunGuid=RunIDBD6CF7DD47055EF0B097AEBB42C9E518
SavePackageTransactionId78A9287C45A33022B24E5EB80C8FA636_19, Filename=../../../../../../Users/jychong/Documents/Work/Projects/UE4_Projects/DinoProject/Content/Actor_Blueprint.uasset, AutoPackageBackupDelegate=1.650460, FlushAsyncLoading=0.003066, FlushStreamingFunc=0.048801, BlockTillAllRequestsFinished=0.003830, ResetLoadersForSaveUnMarkAllObjects=0.069495, TagPackageExports=3.640980, BeginCacheForCookedPlatformData=0.001788, SerializeImports=4.211232, GatherLocalizableTextData=3.632292, MarkNames=0.024527, SerializeSummary=0.008941, SerializeNames=0.094276, SerializeGatherableTextData=0.106029, BuildExportMap=0.085589, SortExportsNonSeekfree=0.434075, SortExportsSeekfreeConstructor=0.039857, SortExportsSeekfreeInner=6.049991, SortExportsSeekfree=0.002809, BuildDependencyMap=0.038836, SerializeImportMap=0.009455, SerializeExportMap=0.022739, SerializeDependencyMap=0.004344, SerializeStringAssetReferenceMap=0.001021, SaveThumbNailsAssetRegistryDataWorldLevelInfo=0.522733, SerializeExports=5.141467, SerializeBulkData=0.006132, MoveFile=3.970817, UnaccountedTime=0.996407, RunGuid=RunIDBD6CF7DD47055EF0B097AEBB42C9E518
SavePackageTransactionId78A9287C45A33022B24E5EB80C8FA636_20, Filename=../../../../../../Users/jychong/Documents/Work/Projects/UE4_Projects/DinoProject/Content/Actor_Blueprint.uasset, AutoPackageBackupDelegate=1.427930, FlushAsyncLoading=0.002556, FlushStreamingFunc=0.070769, BlockTillAllRequestsFinished=0.002556, ResetLoadersForSaveUnMarkAllObjects=0.062849, TagPackageExports=3.639188, BeginCacheForCookedPlatformData=0.001535, SerializeImports=4.181083, GatherLocalizableTextData=3.581960, MarkNames=0.025041, SerializeSummary=0.009198, SerializeNames=0.095807, SerializeGatherableTextData=0.110883, BuildExportMap=0.085589, SortExportsNonSeekfree=0.433311, SortExportsSeekfreeConstructor=0.038065, SortExportsSeekfreeInner=6.092400, SortExportsSeekfree=0.002556, BuildDependencyMap=0.036791, SerializeImportMap=0.009198, SerializeExportMap=0.022739, SerializeDependencyMap=0.004344, SerializeStringAssetReferenceMap=0.001021, SaveThumbNailsAssetRegistryDataWorldLevelInfo=0.496160, SerializeExports=4.989710, SerializeBulkData=0.005875, MoveFile=3.608789, UnaccountedTime=0.986699, RunGuid=RunIDBD6CF7DD47055EF0B097AEBB42C9E518
SavePackageTransactionId78A9287C45A33022B24E5EB80C8FA636_21, Filename=../../../../../../Users/jychong/Documents/Work/Projects/UE4_Projects/DinoProject/Content/StarterContent/Maps/Minimal_Default.umap, AutoPackageBackupDelegate=1.506876, FlushAsyncLoading=0.002045, FlushStreamingFunc=0.203624, BlockTillAllRequestsFinished=0.003830, ResetLoadersForSaveUnMarkAllObjects=44.261749, TagPackageExports=3.258001, BeginCacheForCookedPlatformData=0.001788, SerializeImports=4.171885, GatherLocalizableTextData=8.366767, MarkNames=0.061575, SerializeSummary=0.012007, SerializeNames=0.366628, SerializeGatherableTextData=0.030659, BuildExportMap=0.305563, SortExportsNonSeekfree=0.683691, SortExportsSeekfreeConstructor=0.041131, SortExportsSeekfreeInner=11.104338, SortExportsSeekfree=0.003066, BuildDependencyMap=0.099640, SerializeImportMap=0.049055, SerializeExportMap=0.033725, SerializeDependencyMap=0.006899, SerializeStringAssetReferenceMap=0.001021, SaveThumbNailsAssetRegistryDataWorldLevelInfo=1.070246, SerializeExports=5.803950, SerializeBulkData=19.924597, MoveFile=3.477976, UnaccountedTime=1.081742, RunGuid=RunIDBD6CF7DD47055EF0B097AEBB42C9E518
SavePackageTransactionId78A9287C45A33022B24E5EB80C8FA636_22, Filename=../../../../../../Users/jychong/Documents/Work/Projects/UE4_Projects/DinoProject/Content/Actor_Blueprint.uasset, AutoPackageBackupDelegate=1.476474, FlushAsyncLoading=0.003319, FlushStreamingFunc=0.132602, BlockTillAllRequestsFinished=0.004597, ResetLoadersForSaveUnMarkAllObjects=0.080992, TagPackageExports=3.972095, BeginCacheForCookedPlatformData=0.002556, SerializeImports=4.427120, GatherLocalizableTextData=3.859423, MarkNames=0.036787, SerializeSummary=0.010733, SerializeNames=0.190340, SerializeGatherableTextData=0.039343, BuildExportMap=0.102710, SortExportsNonSeekfree=0.414401, SortExportsSeekfreeConstructor=0.006642, SortExportsSeekfreeInner=6.237008, SortExportsSeekfree=0.004854, BuildDependencyMap=0.046246, SerializeImportMap=0.009451, SerializeExportMap=0.023250, SerializeDependencyMap=0.005364, SerializeStringAssetReferenceMap=0.001024, SaveThumbNailsAssetRegistryDataWorldLevelInfo=0.587624, SerializeExports=5.129460, SerializeBulkData=0.003323, MoveFile=3.626417, UnaccountedTime=1.076121, RunGuid=RunIDBD6CF7DD47055EF0B097AEBB42C9E518
SavePackageTransactionId78A9287C45A33022B24E5EB80C8FA636_23, Filename=../../../../../../Users/jychong/Documents/Work/Projects/UE4_Projects/DinoProject/Content/StarterContent/Maps/Minimal_Default.umap, AutoPackageBackupDelegate=1.507897, FlushAsyncLoading=0.002556, FlushStreamingFunc=0.197750, BlockTillAllRequestsFinished=0.004087, ResetLoadersForSaveUnMarkAllObjects=43.339172, TagPackageExports=3.691308, BeginCacheForCookedPlatformData=0.004344, SerializeImports=4.553590, GatherLocalizableTextData=8.709374, MarkNames=0.065152, SerializeSummary=0.011753, SerializeNames=0.379145, SerializeGatherableTextData=0.033725, BuildExportMap=0.309397, SortExportsNonSeekfree=0.699274, SortExportsSeekfreeConstructor=0.043690, SortExportsSeekfreeInner=11.432894, SortExportsSeekfree=0.003576, BuildDependencyMap=0.105772, SerializeImportMap=0.046752, SerializeExportMap=0.033472, SerializeDependencyMap=0.006899, SerializeStringAssetReferenceMap=0.001278, SaveThumbNailsAssetRegistryDataWorldLevelInfo=1.088385, SerializeExports=5.894393, SerializeBulkData=20.006098, MoveFile=3.531884, UnaccountedTime=1.026046, RunGuid=RunIDBD6CF7DD47055EF0B097AEBB42C9E518
SavePackageTransactionId78A9287C45A33022B24E5EB80C8FA636_24, Filename=../../../../../../Users/jychong/Documents/Work/Projects/UE4_Projects/DinoProject/Content/Actor_Blueprint.uasset, AutoPackageBackupDelegate=1.502532, FlushAsyncLoading=0.003323, FlushStreamingFunc=0.126719, BlockTillAllRequestsFinished=0.004090, ResetLoadersForSaveUnMarkAllObjects=0.076391, TagPackageExports=3.778178, BeginCacheForCookedPlatformData=0.002299, SerializeImports=4.270252, GatherLocalizableTextData=3.250845, MarkNames=0.026062, SerializeSummary=0.008684, SerializeNames=0.154827, SerializeGatherableTextData=0.035513, BuildExportMap=0.095554, SortExportsNonSeekfree=0.403672, SortExportsSeekfreeConstructor=0.005621, SortExportsSeekfreeInner=6.276608, SortExportsSeekfree=0.004601, BuildDependencyMap=0.047009, SerializeImportMap=0.008941, SerializeExportMap=0.023507, SerializeDependencyMap=0.005107, SerializeStringAssetReferenceMap=0.001278, SaveThumbNailsAssetRegistryDataWorldLevelInfo=0.552881, SerializeExports=5.082704, SerializeBulkData=0.003066, MoveFile=3.859933, UnaccountedTime=1.237590, RunGuid=RunIDBD6CF7DD47055EF0B097AEBB42C9E518
SavePackageTransactionId78A9287C45A33022B24E5EB80C8FA636_25, Filename=../../../../../../Users/jychong/Documents/Work/Projects/UE4_Projects/DinoProject/Content/Actor_Blueprint.uasset, AutoPackageBackupDelegate=1.502279, FlushAsyncLoading=0.004087, FlushStreamingFunc=0.046499, BlockTillAllRequestsFinished=0.005364, ResetLoadersForSaveUnMarkAllObjects=0.077415, TagPackageExports=4.730385, BeginCacheForCookedPlatformData=0.001788, SerializeImports=5.913813, GatherLocalizableTextData=3.938623, MarkNames=0.029381, SerializeSummary=0.009198, SerializeNames=0.172712, SerializeGatherableTextData=0.043944, BuildExportMap=0.101686, SortExportsNonSeekfree=0.485431, SortExportsSeekfreeConstructor=0.037044, SortExportsSeekfreeInner=7.029280, SortExportsSeekfree=0.004854, BuildDependencyMap=0.050332, SerializeImportMap=0.008941, SerializeExportMap=0.026315, SerializeDependencyMap=0.005364, SerializeStringAssetReferenceMap=0.001535, SaveThumbNailsAssetRegistryDataWorldLevelInfo=0.653796, SerializeExports=6.128170, SerializeBulkData=0.004344, MoveFile=3.545683, UnaccountedTime=1.205143, RunGuid=RunIDBD6CF7DD47055EF0B097AEBB42C9E518
